,X,Survived,Pclass,Sex,Age,SibSp,Parch,Fare,Embarked,Title,Side,Deck,CabinNumbers
1,1,no,3,male,22,1,0,7.25,Southampton,Mr,NA,NA,NA
2,2,yes,1,female,38,1,0,71.2833,Cherbourg,Mrs,Steuerbord,C,85
3,3,yes,3,female,26,0,0,7.925,Southampton,Ms,NA,NA,NA
4,4,yes,1,female,35,1,0,53.1,Southampton,Mrs,Steuerbord,C,123
5,5,no,3,male,35,0,0,8.05,Southampton,Mr,NA,NA,NA
6,6,no,3,male,30,0,0,8.4583,Queenstown,Mr,NA,NA,NA
7,7,no,1,male,54,0,0,51.8625,Southampton,Mr,Backbord,E,46
8,8,no,3,male,2,3,1,21.075,Southampton,Master,NA,NA,NA
9,9,yes,3,female,27,0,2,11.1333,Southampton,Mrs,NA,NA,NA
10,10,yes,2,female,14,1,0,30.0708,Cherbourg,Mrs,NA,NA,NA
11,11,yes,3,female,4,1,1,16.7,Southampton,Ms,Backbord,G,6
12,12,yes,1,female,58,0,0,26.55,Southampton,Ms,Steuerbord,C,103
13,13,no,3,male,20,0,0,8.05,Southampton,Mr,NA,NA,NA
14,14,no,3,male,39,1,5,31.275,Southampton,Mr,NA,NA,NA
15,15,no,3,female,14,0,0,7.8542,Southampton,Ms,NA,NA,NA
16,16,yes,2,female,55,0,0,16,Southampton,Mrs,NA,NA,NA
17,17,no,3,male,2,4,1,29.125,Queenstown,Master,NA,NA,NA
18,18,yes,2,male,30,0,0,13,Southampton,Mr,NA,NA,NA
19,19,no,3,female,31,1,0,18,Southampton,Mrs,NA,NA,NA
20,20,yes,3,female,35,0,0,7.225,Cherbourg,Mrs,NA,NA,NA
21,21,no,2,male,35,0,0,26,Southampton,Mr,NA,NA,NA
22,22,yes,2,male,34,0,0,13,Southampton,Mr,Backbord,D,56
23,23,yes,3,female,15,0,0,8.0292,Queenstown,Ms,NA,NA,NA
24,24,yes,1,male,28,0,0,35.5,Southampton,Mr,Backbord,A,6
25,25,no,3,female,8,3,1,21.075,Southampton,Ms,NA,NA,NA
26,26,yes,3,female,38,1,5,31.3875,Southampton,Mrs,NA,NA,NA
27,27,no,3,male,30,0,0,7.225,Cherbourg,Mr,NA,NA,NA
28,28,no,1,male,19,3,2,263,Southampton,Mr,Steuerbord,C,23
29,25, 27,NA,,NA,NA,NA,NA,,,,,
30,29,yes,3,female,22,0,0,7.8792,Queenstown,Ms,NA,NA,NA
31,30,no,3,male,30,0,0,7.8958,Southampton,Mr,NA,NA,NA
32,31,no,1,male,40,0,0,27.7208,Cherbourg,Mr,NA,NA,NA
33,32,yes,1,female,35,1,0,146.5208,Cherbourg,Mrs,Backbord,B,78
34,33,yes,3,female,22,0,0,7.75,Queenstown,Ms,NA,NA,NA
35,34,no,2,male,66,0,0,10.5,Southampton,Mr,NA,NA,NA
36,35,no,1,male,28,1,0,82.1708,Cherbourg,Mr,NA,NA,NA
37,36,no,1,male,42,1,0,52,Southampton,Mr,NA,NA,NA
38,37,yes,3,male,30,0,0,7.2292,Cherbourg,Mr,NA,NA,NA
39,38,no,3,male,21,0,0,8.05,Southampton,Mr,NA,NA,NA
40,39,no,3,female,18,2,0,18,Southampton,Ms,NA,NA,NA
41,40,yes,3,female,14,1,0,11.2417,Cherbourg,Ms,NA,NA,NA
42,41,no,3,female,40,1,0,9.475,Southampton,Mrs,NA,NA,NA
43,42,no,2,female,27,1,0,21,Southampton,Mrs,NA,NA,NA
44,43,no,3,male,30,0,0,7.8958,Cherbourg,Mr,NA,NA,NA
45,44,yes,2,female,3,1,2,41.5792,Cherbourg,Ms,NA,NA,NA
46,45,yes,3,female,19,0,0,7.8792,Queenstown,Ms,NA,NA,NA
47,46,no,3,male,30,0,0,8.05,Southampton,Mr,NA,NA,NA
48,47,no,3,male,30,1,0,15.5,Queenstown,Mr,NA,NA,NA
49,48,yes,3,female,22,0,0,7.75,Queenstown,Ms,NA,NA,NA
50,49,no,3,male,30,2,0,21.6792,Cherbourg,Mr,NA,NA,NA
51,50,no,3,female,18,1,0,17.8,Southampton,Mrs,NA,NA,NA
52,51,no,3,male,7,4,1,39.6875,Southampton,Master,NA,NA,NA
53,52,no,3,male,21,0,0,7.8,Southampton,Mr,NA,NA,NA
54,53,yes,1,female,49,1,0,76.7292,Cherbourg,Mrs,Steuerbord,D,33
55,54,yes,2,female,29,1,0,26,Southampton,Mrs,NA,NA,NA
56,55,no,1,male,65,0,1,61.9792,Cherbourg,Mr,Backbord,B,30
57,56,yes,1,male,30,0,0,35.5,Southampton,Mr,Backbord,C,52
58,57,yes,2,female,21,0,0,10.5,Southampton,Ms,NA,NA,NA
59,58,no,3,male,28.5,0,0,7.2292,Cherbourg,Mr,NA,NA,NA
60,59,yes,2,female,5,1,2,27.75,Southampton,Ms,NA,NA,NA
61,60,no,3,male,11,5,2,46.9,Southampton,Master,NA,NA,NA
62,61,no,3,male,22,0,0,7.2292,Cherbourg,Mr,NA,NA,NA
63,62,yes,1,female,38,0,0,80,NA,Ms,Backbord,B,28
64,63,no,1,male,45,1,0,83.475,Southampton,Mr,Steuerbord,C,83
65,64,no,3,male,4,3,2,27.9,Southampton,Master,NA,NA,NA
66,65,no,1,male,30,0,0,27.7208,Cherbourg,Mr,NA,NA,NA
67,66,yes,3,male,3.5,1,1,15.2458,Cherbourg,Master,NA,NA,NA
68,67,yes,2,female,29,0,0,10.5,Southampton,Mrs,Steuerbord,F,33
69,68,no,3,male,19,0,0,8.1583,Southampton,Mr,NA,NA,NA
70,69,yes,3,female,17,4,2,7.925,Southampton,Ms,NA,NA,NA
71,70,no,3,male,26,2,0,8.6625,Southampton,Mr,NA,NA,NA
72,71,no,2,male,32,0,0,10.5,Southampton,Mr,NA,NA,NA
73,72,no,3,female,16,5,2,46.9,Southampton,Ms,NA,NA,NA
74,73,no,2,male,21,0,0,73.5,Southampton,Mr,NA,NA,NA
75,74,no,3,male,26,1,0,14.4542,Cherbourg,Mr,NA,NA,NA
76,75,yes,3,male,32,0,0,56.4958,Southampton,Mr,NA,NA,NA
77,76,no,3,male,25,0,0,7.65,Southampton,Mr,Steuerbord,G,73
78,77,no,3,male,30,0,0,7.8958,Southampton,Mr,NA,NA,NA
79,78,no,3,male,30,0,0,8.05,Southampton,Mr,NA,NA,NA
80,79,yes,2,male,0.83,0,2,29,Southampton,Master,NA,NA,NA
81,80,yes,3,female,30,0,0,12.475,Southampton,Ms,NA,NA,NA
82,81,no,3,male,22,0,0,9,Southampton,Mr,NA,NA,NA
83,82,yes,3,male,29,0,0,9.5,Southampton,Mr,NA,NA,NA
84,83,yes,3,female,22,0,0,7.7875,Queenstown,Ms,NA,NA,NA
85,84,no,1,male,28,0,0,47.1,Southampton,Mr,NA,NA,NA
86,85,yes,2,female,17,0,0,10.5,Southampton,Ms,NA,NA,NA
87,86,yes,3,female,33,3,0,15.85,Southampton,Mrs,NA,NA,NA
88,87,no,3,male,16,1,3,34.375,Southampton,Mr,NA,NA,NA
89,88,no,3,male,30,0,0,8.05,Southampton,Mr,NA,NA,NA
90,89,yes,1,female,23,3,2,263,Southampton,Ms,Steuerbord,C,23
91,25, 27,NA,,NA,NA,NA,NA,,,,,
92,90,no,3,male,24,0,0,8.05,Southampton,Mr,NA,NA,NA
93,91,no,3,male,29,0,0,8.05,Southampton,Mr,NA,NA,NA
94,92,no,3,male,20,0,0,7.8542,Southampton,Mr,NA,NA,NA
95,93,no,1,male,46,1,0,61.175,Southampton,Mr,Steuerbord,E,31
96,94,no,3,male,26,1,2,20.575,Southampton,Mr,NA,NA,NA
97,95,no,3,male,59,0,0,7.25,Southampton,Mr,NA,NA,NA
98,96,no,3,male,30,0,0,8.05,Southampton,Mr,NA,NA,NA
99,97,no,1,male,71,0,0,34.6542,Cherbourg,Mr,Steuerbord,A,5
100,98,yes,1,male,23,0,1,63.3583,Cherbourg,Mr,Backbord,D,10
101,12,,NA,,NA,NA,NA,NA,,,,,
102,99,yes,2,female,34,0,1,23,Southampton,Mrs,NA,NA,NA
103,100,no,2,male,34,1,0,26,Southampton,Mr,NA,NA,NA
104,101,no,3,female,28,0,0,7.8958,Southampton,Ms,NA,NA,NA
105,102,no,3,male,30,0,0,7.8958,Southampton,Mr,NA,NA,NA
106,103,no,1,male,21,0,1,77.2875,Southampton,Mr,Backbord,D,26
107,104,no,3,male,33,0,0,8.6542,Southampton,Mr,NA,NA,NA
108,105,no,3,male,37,2,0,7.925,Southampton,Mr,NA,NA,NA
109,106,no,3,male,28,0,0,7.8958,Southampton,Mr,NA,NA,NA
110,107,yes,3,female,21,0,0,7.65,Southampton,Ms,NA,NA,NA
111,108,yes,3,male,30,0,0,7.775,Southampton,Mr,NA,NA,NA
112,109,no,3,male,38,0,0,7.8958,Southampton,Mr,NA,NA,NA
113,110,yes,3,female,22,1,0,24.15,Queenstown,Ms,NA,NA,NA
114,111,no,1,male,47,0,0,52,Southampton,Mr,Backbord,C,110
115,112,no,3,female,14.5,1,0,14.4542,Cherbourg,Ms,NA,NA,NA
116,113,no,3,male,22,0,0,8.05,Southampton,Mr,NA,NA,NA
117,114,no,3,female,20,1,0,9.825,Southampton,Ms,NA,NA,NA
118,115,no,3,female,17,0,0,14.4583,Cherbourg,Ms,NA,NA,NA
119,116,no,3,male,21,0,0,7.925,Southampton,Mr,NA,NA,NA
120,117,no,3,male,70.5,0,0,7.75,Queenstown,Mr,NA,NA,NA
121,118,no,2,male,29,1,0,21,Southampton,Mr,NA,NA,NA
122,119,no,1,male,24,0,1,247.5208,Cherbourg,Mr,Backbord,B,58
123,60,,NA,,NA,NA,NA,NA,,,,,
124,120,no,3,female,2,4,2,31.275,Southampton,Ms,NA,NA,NA
125,121,no,2,male,21,2,0,73.5,Southampton,Mr,NA,NA,NA
126,122,no,3,male,30,0,0,8.05,Southampton,Mr,NA,NA,NA
127,123,no,2,male,32.5,1,0,30.0708,Cherbourg,Mr,NA,NA,NA
128,124,yes,2,female,32.5,0,0,13,Southampton,Ms,Steuerbord,E,101
129,125,no,1,male,54,0,1,77.2875,Southampton,Mr,Backbord,D,26
130,126,yes,3,male,12,1,0,11.2417,Cherbourg,Master,NA,NA,NA
131,127,no,3,male,30,0,0,7.75,Queenstown,Mr,NA,NA,NA
132,128,yes,3,male,24,0,0,7.1417,Southampton,Mr,NA,NA,NA
133,129,yes,3,female,22,1,1,22.3583,Cherbourg,Ms,Steuerbord,E,69
134,130,no,3,male,45,0,0,6.975,Southampton,Mr,NA,NA,NA
135,131,no,3,male,33,0,0,7.8958,Cherbourg,Mr,NA,NA,NA
136,132,no,3,male,20,0,0,7.05,Southampton,Mr,NA,NA,NA
137,133,no,3,female,47,1,0,14.5,Southampton,Mrs,NA,NA,NA
138,134,yes,2,female,29,1,0,26,Southampton,Mrs,NA,NA,NA
139,135,no,2,male,25,0,0,13,Southampton,Mr,NA,NA,NA
140,136,no,2,male,23,0,0,15.0458,Cherbourg,Mr,NA,NA,NA
141,137,yes,1,female,19,0,2,26.2833,Southampton,Ms,Steuerbord,D,47
142,138,no,1,male,37,1,0,53.1,Southampton,Mr,Steuerbord,C,123
143,139,no,3,male,16,0,0,9.2167,Southampton,Mr,NA,NA,NA
144,140,no,1,male,24,0,0,79.2,Cherbourg,Mr,Backbord,B,86
145,141,no,3,female,35,0,2,15.2458,Cherbourg,Mrs,NA,NA,NA
146,142,yes,3,female,22,0,0,7.75,Southampton,Ms,NA,NA,NA
147,143,yes,3,female,24,1,0,15.85,Southampton,Mrs,NA,NA,NA
148,144,no,3,male,19,0,0,6.75,Queenstown,Mr,NA,NA,NA
149,145,no,2,male,18,0,0,11.5,Southampton,Mr,NA,NA,NA
150,146,no,2,male,19,1,1,36.75,Southampton,Mr,NA,NA,NA
151,147,yes,3,male,27,0,0,7.7958,Southampton,Mr,NA,NA,NA
152,148,no,3,female,9,2,2,34.375,Southampton,Ms,NA,NA,NA
153,149,no,2,male,36.5,0,2,26,Southampton,Mr,Backbord,F,2
154,150,no,2,male,42,0,0,13,Southampton,Mr,NA,NA,NA
155,151,no,2,male,51,0,0,12.525,Southampton,Mr,NA,NA,NA
156,152,yes,1,female,22,1,0,66.6,Southampton,Mrs,Backbord,C,2
157,153,no,3,male,55.5,0,0,8.05,Southampton,Mr,NA,NA,NA
158,154,no,3,male,40.5,0,2,14.5,Southampton,Mr,NA,NA,NA
159,155,no,3,male,30,0,0,7.3125,Southampton,Mr,NA,NA,NA
160,156,no,1,male,51,0,1,61.3792,Cherbourg,Mr,NA,NA,NA
161,157,yes,3,female,16,0,0,7.7333,Queenstown,Ms,NA,NA,NA
162,158,no,3,male,30,0,0,8.05,Southampton,Mr,NA,NA,NA
163,159,no,3,male,30,0,0,8.6625,Southampton,Mr,NA,NA,NA
164,160,no,3,male,3.5,8,2,69.55,Southampton,Master,NA,NA,NA
165,161,no,3,male,44,0,1,16.1,Southampton,Mr,NA,NA,NA
166,162,yes,2,female,40,0,0,15.75,Southampton,Mrs,NA,NA,NA
167,163,no,3,male,26,0,0,7.775,Southampton,Mr,NA,NA,NA
168,164,no,3,male,17,0,0,8.6625,Southampton,Mr,NA,NA,NA
169,165,no,3,male,1,4,1,39.6875,Southampton,Master,NA,NA,NA
170,166,yes,3,male,9,0,2,20.525,Southampton,Master,NA,NA,NA
171,167,yes,1,female,35,0,1,55,Southampton,Mrs,Steuerbord,E,33
172,168,no,3,female,45,1,4,27.9,Southampton,Mrs,NA,NA,NA
173,169,no,1,male,30,0,0,25.925,Southampton,Mr,NA,NA,NA
174,170,no,3,male,28,0,0,56.4958,Southampton,Mr,NA,NA,NA
175,171,no,1,male,61,0,0,33.5,Southampton,Mr,Steuerbord,B,19
176,172,no,3,male,4,4,1,29.125,Queenstown,Master,NA,NA,NA
177,173,yes,3,female,1,1,1,11.1333,Southampton,Ms,NA,NA,NA
178,174,no,3,male,21,0,0,7.925,Southampton,Mr,NA,NA,NA
179,175,no,1,male,56,0,0,30.6958,Cherbourg,Mr,Steuerbord,A,7
180,176,no,3,male,18,1,1,7.8542,Southampton,Mr,NA,NA,NA
181,177,no,3,male,3.5,3,1,25.4667,Southampton,Master,NA,NA,NA
182,178,no,1,female,50,0,0,28.7125,Cherbourg,Ms,Steuerbord,C,49
183,179,no,2,male,30,0,0,13,Southampton,Mr,NA,NA,NA
184,180,no,3,male,36,0,0,0,Southampton,Mr,NA,NA,NA
185,181,no,3,female,22,8,2,69.55,Southampton,Ms,NA,NA,NA
186,182,no,2,male,30,0,0,15.05,Cherbourg,Mr,NA,NA,NA
187,183,no,3,male,9,4,2,31.3875,Southampton,Master,NA,NA,NA
188,184,yes,2,male,1,2,1,39,Southampton,Master,Backbord,F,4
189,185,yes,3,female,4,0,2,22.025,Southampton,Ms,NA,NA,NA
190,186,no,1,male,30,0,0,50,Southampton,Mr,Backbord,A,32
191,187,yes,3,female,35,1,0,15.5,Queenstown,Mrs,NA,NA,NA
192,188,yes,1,male,45,0,0,26.55,Southampton,Mr,NA,NA,NA
193,189,no,3,male,40,1,1,15.5,Queenstown,Mr,NA,NA,NA
194,190,no,3,male,36,0,0,7.8958,Southampton,Mr,NA,NA,NA
195,191,yes,2,female,32,0,0,13,Southampton,Mrs,NA,NA,NA
196,192,no,2,male,19,0,0,13,Southampton,Mr,NA,NA,NA
197,193,yes,3,female,19,1,0,7.8542,Southampton,Ms,NA,NA,NA
198,194,yes,2,male,3,1,1,26,Southampton,Master,Backbord,F,2
199,195,yes,1,female,44,0,0,27.7208,Cherbourg,Mrs,Backbord,B,4
200,196,yes,1,female,58,0,0,146.5208,Cherbourg,Ms,Backbord,B,80
201,197,no,3,male,30,0,0,7.75,Queenstown,Mr,NA,NA,NA
202,198,no,3,male,42,0,1,8.4042,Southampton,Mr,NA,NA,NA
203,199,yes,3,female,22,0,0,7.75,Queenstown,Ms,NA,NA,NA
204,200,no,2,female,24,0,0,13,Southampton,Ms,NA,NA,NA
205,201,no,3,male,28,0,0,9.5,Southampton,Mr,NA,NA,NA
206,202,no,3,male,30,8,2,69.55,Southampton,Mr,NA,NA,NA
207,203,no,3,male,34,0,0,6.4958,Southampton,Mr,NA,NA,NA
208,204,no,3,male,45.5,0,0,7.225,Cherbourg,Mr,NA,NA,NA
209,205,yes,3,male,18,0,0,8.05,Southampton,Mr,NA,NA,NA
210,206,no,3,female,2,0,1,10.4625,Southampton,Ms,Backbord,G,6
211,207,no,3,male,32,1,0,15.85,Southampton,Mr,NA,NA,NA
212,208,yes,3,male,26,0,0,18.7875,Cherbourg,Mr,NA,NA,NA
213,209,yes,3,female,16,0,0,7.75,Queenstown,Ms,NA,NA,NA
214,210,yes,1,male,40,0,0,31,Cherbourg,Mr,Steuerbord,A,31
215,211,no,3,male,24,0,0,7.05,Southampton,Mr,NA,NA,NA
216,212,yes,2,female,35,0,0,21,Southampton,Ms,NA,NA,NA
217,213,no,3,male,22,0,0,7.25,Southampton,Mr,NA,NA,NA
218,214,no,2,male,30,0,0,13,Southampton,Mr,NA,NA,NA
219,215,no,3,male,30,1,0,7.75,Queenstown,Mr,NA,NA,NA
220,216,yes,1,female,31,1,0,113.275,Cherbourg,Ms,Backbord,D,36
221,217,yes,3,female,27,0,0,7.925,Southampton,Ms,NA,NA,NA
222,218,no,2,male,42,1,0,27,Southampton,Mr,NA,NA,NA
223,219,yes,1,female,32,0,0,76.2917,Cherbourg,Ms,Steuerbord,D,15
224,220,no,2,male,30,0,0,10.5,Southampton,Mr,NA,NA,NA
225,221,yes,3,male,16,0,0,8.05,Southampton,Mr,NA,NA,NA
226,222,no,2,male,27,0,0,13,Southampton,Mr,NA,NA,NA
227,223,no,3,male,51,0,0,8.05,Southampton,Mr,NA,NA,NA
228,224,no,3,male,30,0,0,7.8958,Southampton,Mr,NA,NA,NA
229,225,yes,1,male,38,1,0,90,Southampton,Mr,Steuerbord,C,93
230,226,no,3,male,22,0,0,9.35,Southampton,Mr,NA,NA,NA
231,227,yes,2,male,19,0,0,10.5,Southampton,Mr,NA,NA,NA
232,228,no,3,male,20.5,0,0,7.25,Southampton,Mr,NA,NA,NA
233,229,no,2,male,18,0,0,13,Southampton,Mr,NA,NA,NA
234,230,no,3,female,22,3,1,25.4667,Southampton,Ms,NA,NA,NA
235,231,yes,1,female,35,1,0,83.475,Southampton,Mrs,Steuerbord,C,83
236,232,no,3,male,29,0,0,7.775,Southampton,Mr,NA,NA,NA
237,233,no,2,male,59,0,0,13.5,Southampton,Mr,NA,NA,NA
238,234,yes,3,female,5,4,2,31.3875,Southampton,Ms,NA,NA,NA
239,235,no,2,male,24,0,0,10.5,Southampton,Mr,NA,NA,NA
240,236,no,3,female,22,0,0,7.55,Southampton,Ms,NA,NA,NA
241,237,no,2,male,44,1,0,26,Southampton,Mr,NA,NA,NA
242,238,yes,2,female,8,0,2,26.25,Southampton,Ms,NA,NA,NA
243,239,no,2,male,19,0,0,10.5,Southampton,Mr,NA,NA,NA
244,240,no,2,male,33,0,0,12.275,Southampton,Mr,NA,NA,NA
245,241,no,3,female,22,1,0,14.4542,Cherbourg,Ms,NA,NA,NA
246,242,yes,3,female,22,1,0,15.5,Queenstown,Ms,NA,NA,NA
247,243,no,2,male,29,0,0,10.5,Southampton,Mr,NA,NA,NA
248,244,no,3,male,22,0,0,7.125,Southampton,Mr,NA,NA,NA
249,245,no,3,male,30,0,0,7.225,Cherbourg,Mr,NA,NA,NA
250,246,no,1,male,44,2,0,90,Queenstown,Mr,Backbord,C,78
251,247,no,3,female,25,0,0,7.775,Southampton,Ms,NA,NA,NA
252,248,yes,2,female,24,0,2,14.5,Southampton,Mrs,NA,NA,NA
253,249,yes,1,male,37,1,1,52.5542,Southampton,Mr,Steuerbord,D,35
254,250,no,2,male,54,1,0,26,Southampton,Mr,NA,NA,NA
255,251,no,3,male,30,0,0,7.25,Southampton,Mr,NA,NA,NA
256,252,no,3,female,29,1,1,10.4625,Southampton,Mrs,Backbord,G,6
257,253,no,1,male,62,0,0,26.55,Southampton,Mr,Steuerbord,C,87
258,254,no,3,male,30,1,0,16.1,Southampton,Mr,NA,NA,NA
259,255,no,3,female,41,0,2,20.2125,Southampton,Mrs,NA,NA,NA
260,256,yes,3,female,29,0,2,15.2458,Cherbourg,Mrs,NA,NA,NA
261,257,yes,1,female,35,0,0,79.2,Cherbourg,Mrs,NA,NA,NA
262,258,yes,1,female,30,0,0,86.5,Southampton,Ms,Steuerbord,B,77
263,259,yes,1,female,35,0,0,512.3292,Cherbourg,Ms,NA,NA,NA
264,260,yes,2,female,50,0,1,26,Southampton,Mrs,NA,NA,NA
265,261,no,3,male,30,0,0,7.75,Queenstown,Mr,NA,NA,NA
266,262,yes,3,male,3,4,2,31.3875,Southampton,Master,NA,NA,NA
267,263,no,1,male,52,1,1,79.65,Southampton,Mr,Steuerbord,E,67
268,264,no,1,male,40,0,0,0,Southampton,Mr,Backbord,B,94
269,265,no,3,female,22,0,0,7.75,Queenstown,Ms,NA,NA,NA
270,266,no,2,male,36,0,0,10.5,Southampton,Mr,NA,NA,NA
271,267,no,3,male,16,4,1,39.6875,Southampton,Mr,NA,NA,NA
272,268,yes,3,male,25,1,0,7.775,Southampton,Mr,NA,NA,NA
273,269,yes,1,female,58,0,1,153.4625,Southampton,Mrs,Steuerbord,C,125
274,270,yes,1,female,35,0,0,135.6333,Southampton,Ms,Steuerbord,C,99
275,271,no,1,male,30,0,0,31,Southampton,Mr,NA,NA,NA
276,272,yes,3,male,25,0,0,0,Southampton,Mr,NA,NA,NA
277,273,yes,2,female,41,0,1,19.5,Southampton,Mrs,NA,NA,NA
278,274,no,1,male,37,0,1,29.7,Cherbourg,Mr,Backbord,C,118
279,275,yes,3,female,22,0,0,7.75,Queenstown,Ms,NA,NA,NA
280,276,yes,1,female,63,1,0,77.9583,Southampton,Ms,Steuerbord,D,7
281,277,no,3,female,45,0,0,7.75,Southampton,Ms,NA,NA,NA
282,278,no,2,male,30,0,0,0,Southampton,Mr,NA,NA,NA
283,279,no,3,male,7,4,1,29.125,Queenstown,Master,NA,NA,NA
284,280,yes,3,female,35,1,1,20.25,Southampton,Mrs,NA,NA,NA
285,281,no,3,male,65,0,0,7.75,Queenstown,Mr,NA,NA,NA
286,282,no,3,male,28,0,0,7.8542,Southampton,Mr,NA,NA,NA
287,283,no,3,male,16,0,0,9.5,Southampton,Mr,NA,NA,NA
288,284,yes,3,male,19,0,0,8.05,Southampton,Mr,NA,NA,NA
289,285,no,1,male,30,0,0,26,Southampton,Mr,Steuerbord,A,19
290,286,no,3,male,33,0,0,8.6625,Cherbourg,Mr,NA,NA,NA
291,287,yes,3,male,30,0,0,9.5,Southampton,Mr,NA,NA,NA
292,288,no,3,male,22,0,0,7.8958,Southampton,Mr,NA,NA,NA
293,289,yes,2,male,42,0,0,13,Southampton,Mr,NA,NA,NA
294,290,yes,3,female,22,0,0,7.75,Queenstown,Ms,NA,NA,NA
295,291,yes,1,female,26,0,0,78.85,Southampton,Ms,NA,NA,NA
296,292,yes,1,female,19,1,0,91.0792,Cherbourg,Mrs,Steuerbord,B,49
297,293,no,2,male,36,0,0,12.875,Cherbourg,Mr,,,
298,294,no,3,female,24,0,0,8.85,Southampton,Ms,NA,NA,NA
299,295,no,3,male,24,0,0,7.8958,Southampton,Mr,NA,NA,NA
300,296,no,1,male,30,0,0,27.7208,Cherbourg,Mr,NA,NA,NA
301,297,no,3,male,23.5,0,0,7.2292,Cherbourg,Mr,NA,NA,NA
302,298,no,1,female,2,1,2,151.55,Southampton,Ms,Backbord,C,22
303,26,,NA,,NA,NA,NA,NA,,,,,
304,299,yes,1,male,30,0,0,30.5,Southampton,Mr,Backbord,C,106
305,300,yes,1,female,50,0,1,247.5208,Cherbourg,Mrs,Backbord,B,58
306,60,,NA,,NA,NA,NA,NA,,,,,
307,301,yes,3,female,22,0,0,7.75,Queenstown,Ms,NA,NA,NA
308,302,yes,3,male,30,2,0,23.25,Queenstown,Mr,NA,NA,NA
309,303,no,3,male,19,0,0,0,Southampton,Mr,NA,NA,NA
310,304,yes,2,female,22,0,0,12.35,Queenstown,Ms,Steuerbord,E,101
311,305,no,3,male,30,0,0,8.05,Southampton,Mr,NA,NA,NA
312,306,yes,1,male,0.92,1,2,151.55,Southampton,Master,Backbord,C,22
313,26,,NA,,NA,NA,NA,NA,,,,,
314,307,yes,1,female,22,0,0,110.8833,Cherbourg,Ms,NA,NA,NA
315,308,yes,1,female,17,1,0,108.9,Cherbourg,Mrs,Steuerbord,C,65
316,309,no,2,male,30,1,0,24,Cherbourg,Mr,NA,NA,NA
317,310,yes,1,female,30,0,0,56.9292,Cherbourg,Ms,Backbord,E,36
318,311,yes,1,female,24,0,0,83.1583,Cherbourg,Ms,Backbord,C,54
319,312,yes,1,female,18,2,2,262.375,Cherbourg,Ms,Steuerbord, Backbord,B
320,57, 59,63, 66,NA,NA,NA,NA,,,,,
321,313,no,2,female,26,1,1,26,Southampton,Mrs,NA,NA,NA
322,314,no,3,male,28,0,0,7.8958,Southampton,Mr,NA,NA,NA
323,315,no,2,male,43,1,1,26.25,Southampton,Mr,NA,NA,NA
324,316,yes,3,female,26,0,0,7.8542,Southampton,Ms,NA,NA,NA
325,317,yes,2,female,24,1,0,26,Southampton,Mrs,NA,NA,NA
326,318,no,2,male,54,0,0,14,Southampton,Mr,NA,NA,NA
327,319,yes,1,female,31,0,2,164.8667,Southampton,Ms,Steuerbord,C,7
328,320,yes,1,female,40,1,1,134.5,Cherbourg,Mrs,Backbord,E,34
329,321,no,3,male,22,0,0,7.25,Southampton,Mr,NA,NA,NA
330,322,no,3,male,27,0,0,7.8958,Southampton,Mr,NA,NA,NA
331,323,yes,2,female,30,0,0,12.35,Queenstown,Ms,NA,NA,NA
332,324,yes,2,female,22,1,1,29,Southampton,Mrs,NA,NA,NA
333,325,no,3,male,30,8,2,69.55,Southampton,Mr,NA,NA,NA
334,326,yes,1,female,36,0,0,135.6333,Cherbourg,Ms,Backbord,C,32
335,327,no,3,male,61,0,0,6.2375,Southampton,Mr,NA,NA,NA
336,328,yes,2,female,36,0,0,13,Southampton,Mrs,,,
337,329,yes,3,female,31,1,1,20.525,Southampton,Mrs,NA,NA,NA
338,330,yes,1,female,16,0,1,57.9792,Cherbourg,Ms,Backbord,B,18
339,331,yes,3,female,22,2,0,23.25,Queenstown,Ms,NA,NA,NA
340,332,no,1,male,45.5,0,0,28.5,Southampton,Mr,Backbord,C,124
341,333,no,1,male,38,0,1,153.4625,Southampton,Mr,Steuerbord,C,91
342,334,no,3,male,16,2,0,18,Southampton,Mr,NA,NA,NA
343,335,yes,1,female,35,1,0,133.65,Southampton,Mrs,NA,NA,NA
344,336,no,3,male,30,0,0,7.8958,Southampton,Mr,NA,NA,NA
345,337,no,1,male,29,1,0,66.6,Southampton,Mr,Backbord,C,2
346,338,yes,1,female,41,0,0,134.5,Cherbourg,Ms,Backbord,E,40
347,339,yes,3,male,45,0,0,8.05,Southampton,Mr,NA,NA,NA
348,340,no,1,male,45,0,0,35.5,Southampton,Mr,,,
349,341,yes,2,male,2,1,1,26,Southampton,Master,Backbord,F,2
350,342,yes,1,female,24,3,2,263,Southampton,Ms,Steuerbord,C,23
351,25, 27,NA,,NA,NA,NA,NA,,,,,
352,343,no,2,male,28,0,0,13,Southampton,Mr,NA,NA,NA
353,344,no,2,male,25,0,0,13,Southampton,Mr,NA,NA,NA
354,345,no,2,male,36,0,0,13,Southampton,Mr,NA,NA,NA
355,346,yes,2,female,24,0,0,13,Southampton,Ms,Steuerbord,F,33
356,347,yes,2,female,40,0,0,13,Southampton,Ms,NA,NA,NA
357,348,yes,3,female,35,1,0,16.1,Southampton,Mrs,NA,NA,NA
358,349,yes,3,male,3,1,1,15.9,Southampton,Master,NA,NA,NA
359,350,no,3,male,42,0,0,8.6625,Southampton,Mr,NA,NA,NA
360,351,no,3,male,23,0,0,9.225,Southampton,Mr,NA,NA,NA
361,352,no,1,male,30,0,0,35,Southampton,Mr,Backbord,C,128
362,353,no,3,male,15,1,1,7.2292,Cherbourg,Mr,NA,NA,NA
363,354,no,3,male,25,1,0,17.8,Southampton,Mr,NA,NA,NA
364,355,no,3,male,30,0,0,7.225,Cherbourg,Mr,NA,NA,NA
365,356,no,3,male,28,0,0,9.5,Southampton,Mr,NA,NA,NA
366,357,yes,1,female,22,0,1,55,Southampton,Ms,Steuerbord,E,33
367,358,no,2,female,38,0,0,13,Southampton,Ms,NA,NA,NA
368,359,yes,3,female,22,0,0,7.8792,Queenstown,Ms,NA,NA,NA
369,360,yes,3,female,22,0,0,7.8792,Queenstown,Ms,NA,NA,NA
370,361,no,3,male,40,1,4,27.9,Southampton,Mr,NA,NA,NA
371,362,no,2,male,29,1,0,27.7208,Cherbourg,Mr,NA,NA,NA
372,363,no,3,female,45,0,1,14.4542,Cherbourg,Mrs,NA,NA,NA
373,364,no,3,male,35,0,0,7.05,Southampton,Mr,NA,NA,NA
374,365,no,3,male,30,1,0,15.5,Queenstown,Mr,NA,NA,NA
375,366,no,3,male,30,0,0,7.25,Southampton,Mr,NA,NA,NA
376,367,yes,1,female,60,1,0,75.25,Cherbourg,Mrs,Steuerbord,D,37
377,368,yes,3,female,35,0,0,7.2292,Cherbourg,Mrs,NA,NA,NA
378,369,yes,3,female,22,0,0,7.75,Queenstown,Ms,NA,NA,NA
379,370,yes,1,female,24,0,0,69.3,Cherbourg,Mrs,Steuerbord,B,35
380,371,yes,1,male,25,1,0,55.4417,Cherbourg,Mr,Backbord,E,50
381,372,no,3,male,18,1,0,6.4958,Southampton,Mr,NA,NA,NA
382,373,no,3,male,19,0,0,8.05,Southampton,Mr,NA,NA,NA
383,374,no,1,male,22,0,0,135.6333,Cherbourg,Mr,NA,NA,NA
384,375,no,3,female,3,3,1,21.075,Southampton,Ms,NA,NA,NA
385,376,yes,1,female,35,1,0,82.1708,Cherbourg,Mrs,NA,NA,NA
386,377,yes,3,female,22,0,0,7.25,Southampton,Ms,NA,NA,NA
387,378,no,1,male,27,0,2,211.5,Cherbourg,Mr,Backbord,C,82
388,379,no,3,male,20,0,0,4.0125,Cherbourg,Mr,NA,NA,NA
389,380,no,3,male,19,0,0,7.775,Southampton,Mr,NA,NA,NA
390,381,yes,1,female,42,0,0,227.525,Cherbourg,Ms,NA,NA,NA
391,382,yes,3,female,1,0,2,15.7417,Cherbourg,Ms,NA,NA,NA
392,383,no,3,male,32,0,0,7.925,Southampton,Mr,NA,NA,NA
393,384,yes,1,female,35,1,0,52,Southampton,Mrs,NA,NA,NA
394,385,no,3,male,30,0,0,7.8958,Southampton,Mr,NA,NA,NA
395,386,no,2,male,18,0,0,73.5,Southampton,Mr,NA,NA,NA
396,387,no,3,male,1,5,2,46.9,Southampton,Master,NA,NA,NA
397,388,yes,2,female,36,0,0,13,Southampton,Ms,NA,NA,NA
398,389,no,3,male,30,0,0,7.7292,Queenstown,Mr,NA,NA,NA
399,390,yes,2,female,17,0,0,12,Cherbourg,Ms,NA,NA,NA
400,391,yes,1,male,36,1,2,120,Southampton,Mr,Backbord,B,96
401,98,,NA,,NA,NA,NA,NA,,,,,
402,392,yes,3,male,21,0,0,7.7958,Southampton,Mr,NA,NA,NA
403,393,no,3,male,28,2,0,7.925,Southampton,Mr,NA,NA,NA
404,394,yes,1,female,23,1,0,113.275,Cherbourg,Ms,Backbord,D,36
405,395,yes,3,female,24,0,2,16.7,Southampton,Mrs,Backbord,G,6
406,396,no,3,male,22,0,0,7.7958,Southampton,Mr,NA,NA,NA
407,397,no,3,female,31,0,0,7.8542,Southampton,Ms,NA,NA,NA
408,398,no,2,male,46,0,0,26,Southampton,Mr,NA,NA,NA
409,399,no,2,male,23,0,0,10.5,Southampton,Mr,NA,NA,NA
410,400,yes,2,female,28,0,0,12.65,Southampton,Mrs,NA,NA,NA
411,401,yes,3,male,39,0,0,7.925,Southampton,Mr,NA,NA,NA
412,402,no,3,male,26,0,0,8.05,Southampton,Mr,NA,NA,NA
413,403,no,3,female,21,1,0,9.825,Southampton,Ms,NA,NA,NA
414,404,no,3,male,28,1,0,15.85,Southampton,Mr,NA,NA,NA
415,405,no,3,female,20,0,0,8.6625,Southampton,Ms,NA,NA,NA
416,406,no,2,male,34,1,0,21,Southampton,Mr,NA,NA,NA
417,407,no,3,male,51,0,0,7.75,Southampton,Mr,NA,NA,NA
418,408,yes,2,male,3,1,1,18.75,Southampton,Master,NA,NA,NA
419,409,no,3,male,21,0,0,7.775,Southampton,Mr,NA,NA,NA
420,410,no,3,female,22,3,1,25.4667,Southampton,Ms,NA,NA,NA
421,411,no,3,male,30,0,0,7.8958,Southampton,Mr,NA,NA,NA
422,412,no,3,male,30,0,0,6.8583,Queenstown,Mr,NA,NA,NA
423,413,yes,1,female,33,1,0,90,Queenstown,Ms,Backbord,C,78
424,414,no,2,male,30,0,0,0,Southampton,Mr,NA,NA,NA
425,415,yes,3,male,44,0,0,7.925,Southampton,Mr,NA,NA,NA
426,416,no,3,female,35,0,0,8.05,Southampton,Mrs,NA,NA,NA
427,417,yes,2,female,34,1,1,32.5,Southampton,Mrs,NA,NA,NA
428,418,yes,2,female,18,0,2,13,Southampton,Ms,NA,NA,NA
429,419,no,2,male,30,0,0,13,Southampton,Mr,NA,NA,NA
430,420,no,3,female,10,0,2,24.15,Southampton,Ms,NA,NA,NA
431,421,no,3,male,30,0,0,7.8958,Cherbourg,Mr,NA,NA,NA
432,422,no,3,male,21,0,0,7.7333,Queenstown,Mr,NA,NA,NA
433,423,no,3,male,29,0,0,7.875,Southampton,Mr,NA,NA,NA
434,424,no,3,female,28,1,1,14.4,Southampton,Mrs,NA,NA,NA
435,425,no,3,male,18,1,1,20.2125,Southampton,Mr,NA,NA,NA
436,426,no,3,male,30,0,0,7.25,Southampton,Mr,NA,NA,NA
437,427,yes,2,female,28,1,0,26,Southampton,Mrs,NA,NA,NA
438,428,yes,2,female,19,0,0,26,Southampton,Ms,NA,NA,NA
439,429,no,3,male,30,0,0,7.75,Queenstown,Mr,NA,NA,NA
440,430,yes,3,male,32,0,0,8.05,Southampton,Mr,Backbord,E,10
441,431,yes,1,male,28,0,0,26.55,Southampton,Mr,Backbord,C,52
442,432,yes,3,female,35,1,0,16.1,Southampton,Mrs,NA,NA,NA
443,433,yes,2,female,42,1,0,26,Southampton,Mrs,NA,NA,NA
444,434,no,3,male,17,0,0,7.125,Southampton,Mr,NA,NA,NA
445,435,no,1,male,50,1,0,55.9,Southampton,Mr,Backbord,E,44
446,436,yes,1,female,14,1,2,120,Southampton,Ms,Backbord,B,96
447,98,,NA,,NA,NA,NA,NA,,,,,
448,437,no,3,female,21,2,2,34.375,Southampton,Ms,NA,NA,NA
449,438,yes,2,female,24,2,3,18.75,Southampton,Mrs,NA,NA,NA
450,439,no,1,male,64,1,4,263,Southampton,Mr,Steuerbord,C,23
451,25, 27,NA,,NA,NA,NA,NA,,,,,
452,440,no,2,male,31,0,0,10.5,Southampton,Mr,NA,NA,NA
453,441,yes,2,female,45,1,1,26.25,Southampton,Mrs,NA,NA,NA
454,442,no,3,male,20,0,0,9.5,Southampton,Mr,NA,NA,NA
455,443,no,3,male,25,1,0,7.775,Southampton,Mr,NA,NA,NA
456,444,yes,2,female,28,0,0,13,Southampton,Ms,NA,NA,NA
457,445,yes,3,male,30,0,0,8.1125,Southampton,Mr,NA,NA,NA
458,446,yes,1,male,4,0,2,81.8583,Southampton,Master,Backbord,A,34
459,447,yes,2,female,13,0,1,19.5,Southampton,Ms,NA,NA,NA
460,448,yes,1,male,34,0,0,26.55,Southampton,Mr,NA,NA,NA
461,449,yes,3,female,5,2,1,19.2583,Cherbourg,Ms,NA,NA,NA
462,450,yes,1,male,52,0,0,30.5,Southampton,Mr,Backbord,C,104
463,451,no,2,male,36,1,2,27.75,Southampton,Mr,NA,NA,NA
464,452,no,3,male,30,1,0,19.9667,Southampton,Mr,NA,NA,NA
465,453,no,1,male,30,0,0,27.75,Cherbourg,Mr,Steuerbord,C,111
466,454,yes,1,male,49,1,0,89.1042,Cherbourg,Mr,Backbord,C,92
467,455,no,3,male,30,0,0,8.05,Southampton,Mr,NA,NA,NA
468,456,yes,3,male,29,0,0,7.8958,Cherbourg,Mr,NA,NA,NA
469,457,no,1,male,65,0,0,26.55,Southampton,Mr,Backbord,E,38
470,458,yes,1,female,35,1,0,51.8625,Southampton,Mrs,Steuerbord,D,21
471,459,yes,2,female,50,0,0,10.5,Southampton,Ms,NA,NA,NA
472,460,no,3,male,30,0,0,7.75,Queenstown,Mr,NA,NA,NA
473,461,yes,1,male,48,0,0,26.55,Southampton,Mr,Backbord,E,12
474,462,no,3,male,34,0,0,8.05,Southampton,Mr,NA,NA,NA
475,463,no,1,male,47,0,0,38.5,Southampton,Mr,Steuerbord,E,63
476,464,no,2,male,48,0,0,13,Southampton,Mr,NA,NA,NA
477,465,no,3,male,30,0,0,8.05,Southampton,Mr,NA,NA,NA
478,466,no,3,male,38,0,0,7.05,Southampton,Mr,NA,NA,NA
479,467,no,2,male,30,0,0,0,Southampton,Mr,NA,NA,NA
480,468,no,1,male,56,0,0,26.55,Southampton,Mr,NA,NA,NA
481,469,no,3,male,30,0,0,7.725,Queenstown,Mr,NA,NA,NA
482,470,yes,3,female,0.75,2,1,19.2583,Cherbourg,Ms,NA,NA,NA
483,471,no,3,male,30,0,0,7.25,Southampton,Mr,NA,NA,NA
484,472,no,3,male,38,0,0,8.6625,Southampton,Mr,NA,NA,NA
485,473,yes,2,female,33,1,2,27.75,Southampton,Mrs,NA,NA,NA
486,474,yes,2,female,23,0,0,13.7917,Cherbourg,Mrs,,,
487,475,no,3,female,22,0,0,9.8375,Southampton,Ms,NA,NA,NA
488,476,no,1,male,30,0,0,52,Southampton,Mr,Backbord,A,14
489,477,no,2,male,34,1,0,21,Southampton,Mr,NA,NA,NA
490,478,no,3,male,29,1,0,7.0458,Southampton,Mr,NA,NA,NA
491,479,no,3,male,22,0,0,7.5208,Southampton,Mr,NA,NA,NA
492,480,yes,3,female,2,0,1,12.2875,Southampton,Ms,NA,NA,NA
493,481,no,3,male,9,5,2,46.9,Southampton,Master,NA,NA,NA
494,482,no,2,male,30,0,0,0,Southampton,Mr,NA,NA,NA
495,483,no,3,male,50,0,0,8.05,Southampton,Mr,NA,NA,NA
496,484,yes,3,female,63,0,0,9.5875,Southampton,Mrs,NA,NA,NA
497,485,yes,1,male,25,1,0,91.0792,Cherbourg,Mr,Steuerbord,B,49
498,486,no,3,female,22,3,1,25.4667,Southampton,Ms,NA,NA,NA
499,487,yes,1,female,35,1,0,90,Southampton,Mrs,Steuerbord,C,93
500,488,no,1,male,58,0,0,29.7,Cherbourg,Mr,Steuerbord,B,37
501,489,no,3,male,30,0,0,8.05,Southampton,Mr,NA,NA,NA
502,490,yes,3,male,9,1,1,15.9,Southampton,Master,NA,NA,NA
503,491,no,3,male,30,1,0,19.9667,Southampton,Mr,NA,NA,NA
504,492,no,3,male,21,0,0,7.25,Southampton,Mr,NA,NA,NA
505,493,no,1,male,55,0,0,30.5,Southampton,Mr,Backbord,C,30
506,494,no,1,male,71,0,0,49.5042,Cherbourg,Mr,NA,NA,NA
507,495,no,3,male,21,0,0,8.05,Southampton,Mr,NA,NA,NA
508,496,no,3,male,30,0,0,14.4583,Cherbourg,Mr,NA,NA,NA
509,497,yes,1,female,54,1,0,78.2667,Cherbourg,Ms,Backbord,D,20
510,498,no,3,male,30,0,0,15.1,Southampton,Mr,NA,NA,NA
511,499,no,1,female,25,1,2,151.55,Southampton,Mrs,Backbord,C,22
512,26,,NA,,NA,NA,NA,NA,,,,,
513,500,no,3,male,24,0,0,7.7958,Southampton,Mr,NA,NA,NA
514,501,no,3,male,17,0,0,8.6625,Southampton,Mr,NA,NA,NA
515,502,no,3,female,21,0,0,7.75,Queenstown,Ms,NA,NA,NA
516,503,no,3,female,22,0,0,7.6292,Queenstown,Ms,NA,NA,NA
517,504,no,3,female,37,0,0,9.5875,Southampton,Ms,NA,NA,NA
518,505,yes,1,female,16,0,0,86.5,Southampton,Ms,Steuerbord,B,79
519,506,no,1,male,18,1,0,108.9,Cherbourg,Mr,Steuerbord,C,65
520,507,yes,2,female,33,0,2,26,Southampton,Mrs,NA,NA,NA
521,508,yes,1,male,30,0,0,26.55,Southampton,Mr,NA,NA,NA
522,509,no,3,male,28,0,0,22.525,Southampton,Mr,NA,NA,NA
523,510,yes,3,male,26,0,0,56.4958,Southampton,Mr,NA,NA,NA
524,511,yes,3,male,29,0,0,7.75,Queenstown,Mr,NA,NA,NA
525,512,no,3,male,30,0,0,8.05,Southampton,Mr,NA,NA,NA
526,513,yes,1,male,36,0,0,26.2875,Southampton,Mr,Steuerbord,E,25
527,514,yes,1,female,54,1,0,59.4,Cherbourg,Mrs,NA,NA,NA
528,515,no,3,male,24,0,0,7.4958,Southampton,Mr,NA,NA,NA
529,516,no,1,male,47,0,0,34.0208,Southampton,Mr,Backbord,D,46
530,517,yes,2,female,34,0,0,10.5,Southampton,Mrs,Steuerbord,F,33
531,518,no,3,male,30,0,0,24.15,Queenstown,Mr,NA,NA,NA
532,519,yes,2,female,36,1,0,26,Southampton,Mrs,NA,NA,NA
533,520,no,3,male,32,0,0,7.8958,Southampton,Mr,NA,NA,NA
534,521,yes,1,female,30,0,0,93.5,Southampton,Ms,Steuerbord,B,73
535,522,no,3,male,22,0,0,7.8958,Southampton,Mr,NA,NA,NA
536,523,no,3,male,30,0,0,7.225,Cherbourg,Mr,NA,NA,NA
537,524,yes,1,female,44,0,1,57.9792,Cherbourg,Mrs,Backbord,B,18
538,525,no,3,male,30,0,0,7.2292,Cherbourg,Mr,NA,NA,NA
539,526,no,3,male,40.5,0,0,7.75,Queenstown,Mr,NA,NA,NA
540,527,yes,2,female,50,0,0,10.5,Southampton,Ms,NA,NA,NA
541,528,no,1,male,30,0,0,221.7792,Southampton,Mr,Steuerbord,C,95
542,529,no,3,male,39,0,0,7.925,Southampton,Mr,NA,NA,NA
543,530,no,2,male,23,2,1,11.5,Southampton,Mr,NA,NA,NA
544,531,yes,2,female,2,1,1,26,Southampton,Ms,NA,NA,NA
545,532,no,3,male,30,0,0,7.2292,Cherbourg,Mr,NA,NA,NA
546,533,no,3,male,17,1,1,7.2292,Cherbourg,Mr,NA,NA,NA
547,534,yes,3,female,35,0,2,22.3583,Cherbourg,Mrs,NA,NA,NA
548,535,no,3,female,30,0,0,8.6625,Southampton,Ms,NA,NA,NA
549,536,yes,2,female,7,0,2,26.25,Southampton,Ms,NA,NA,NA
550,537,no,1,male,45,0,0,26.55,Southampton,Mr,Backbord,B,38
551,538,yes,1,female,30,0,0,106.425,Cherbourg,Ms,NA,NA,NA
552,539,no,3,male,30,0,0,14.5,Southampton,Mr,NA,NA,NA
553,540,yes,1,female,22,0,2,49.5,Cherbourg,Ms,Steuerbord,B,39
554,541,yes,1,female,36,0,2,71,Southampton,Ms,Backbord,B,22
555,542,no,3,female,9,4,2,31.275,Southampton,Ms,NA,NA,NA
556,543,no,3,female,11,4,2,31.275,Southampton,Ms,NA,NA,NA
557,544,yes,2,male,32,1,0,26,Southampton,Mr,NA,NA,NA
558,545,no,1,male,50,1,0,106.425,Cherbourg,Mr,Backbord,C,86
559,546,no,1,male,64,0,0,26,Southampton,Mr,NA,NA,NA
560,547,yes,2,female,19,1,0,26,Southampton,Mrs,NA,NA,NA
561,548,yes,2,male,30,0,0,13.8625,Cherbourg,Mr,NA,NA,NA
562,549,no,3,male,33,1,1,20.525,Southampton,Mr,NA,NA,NA
563,550,yes,2,male,8,1,1,36.75,Southampton,Master,NA,NA,NA
564,551,yes,1,male,17,0,2,110.8833,Cherbourg,Mr,Backbord,C,70
565,552,no,2,male,27,0,0,26,Southampton,Mr,NA,NA,NA
566,553,no,3,male,30,0,0,7.8292,Queenstown,Mr,NA,NA,NA
567,554,yes,3,male,22,0,0,7.225,Cherbourg,Mr,NA,NA,NA
568,555,yes,3,female,22,0,0,7.775,Southampton,Ms,NA,NA,NA
569,556,no,1,male,62,0,0,26.55,Southampton,Mr,NA,NA,NA
570,557,yes,1,female,48,1,0,39.6,Cherbourg,Ms,Backbord,A,16
571,558,no,1,male,30,0,0,227.525,Cherbourg,Mr,NA,NA,NA
572,559,yes,1,female,39,1,1,79.65,Southampton,Mrs,Steuerbord,E,67
573,560,yes,3,female,36,1,0,17.4,Southampton,Mrs,NA,NA,NA
574,561,no,3,male,30,0,0,7.75,Queenstown,Mr,NA,NA,NA
575,562,no,3,male,40,0,0,7.8958,Southampton,Mr,NA,NA,NA
576,563,no,2,male,28,0,0,13.5,Southampton,Mr,NA,NA,NA
577,564,no,3,male,30,0,0,8.05,Southampton,Mr,NA,NA,NA
578,565,no,3,female,22,0,0,8.05,Southampton,Ms,NA,NA,NA
579,566,no,3,male,24,2,0,24.15,Southampton,Mr,NA,NA,NA
580,567,no,3,male,19,0,0,7.8958,Southampton,Mr,NA,NA,NA
581,568,no,3,female,29,0,4,21.075,Southampton,Mrs,NA,NA,NA
582,569,no,3,male,30,0,0,7.2292,Cherbourg,Mr,NA,NA,NA
583,570,yes,3,male,32,0,0,7.8542,Southampton,Mr,NA,NA,NA
584,571,yes,2,male,62,0,0,10.5,Southampton,Mr,NA,NA,NA
585,572,yes,1,female,53,2,0,51.4792,Southampton,Mrs,Steuerbord,C,101
586,573,yes,1,male,36,0,0,26.3875,Southampton,Mr,Steuerbord,E,25
587,574,yes,3,female,22,0,0,7.75,Queenstown,Ms,NA,NA,NA
588,575,no,3,male,16,0,0,8.05,Southampton,Mr,NA,NA,NA
589,576,no,3,male,19,0,0,14.5,Southampton,Mr,NA,NA,NA
590,577,yes,2,female,34,0,0,13,Southampton,Ms,NA,NA,NA
591,578,yes,1,female,39,1,0,55.9,Southampton,Mrs,Backbord,E,44
592,579,no,3,female,35,1,0,14.4583,Cherbourg,Mrs,NA,NA,NA
593,580,yes,3,male,32,0,0,7.925,Southampton,Mr,NA,NA,NA
594,581,yes,2,female,25,1,1,30,Southampton,Ms,NA,NA,NA
595,582,yes,1,female,39,1,1,110.8833,Cherbourg,Mrs,Backbord,C,68
596,583,no,2,male,54,0,0,26,Southampton,Mr,NA,NA,NA
597,584,no,1,male,36,0,0,40.125,Cherbourg,Mr,Backbord,A,10
598,585,no,3,male,30,0,0,8.7125,Cherbourg,Mr,NA,NA,NA
599,586,yes,1,female,18,0,2,79.65,Southampton,Ms,Backbord,E,68
600,587,no,2,male,47,0,0,15,Southampton,Mr,NA,NA,NA
601,588,yes,1,male,60,1,1,79.2,Cherbourg,Mr,Steuerbord,B,41
602,589,no,3,male,22,0,0,8.05,Southampton,Mr,NA,NA,NA
603,590,no,3,male,30,0,0,8.05,Southampton,Mr,NA,NA,NA
604,591,no,3,male,35,0,0,7.125,Southampton,Mr,NA,NA,NA
605,592,yes,1,female,52,1,0,78.2667,Cherbourg,Mrs,Backbord,D,20
606,593,no,3,male,47,0,0,7.25,Southampton,Mr,NA,NA,NA
607,594,no,3,female,22,0,2,7.75,Queenstown,Ms,NA,NA,NA
608,595,no,2,male,37,1,0,26,Southampton,Mr,NA,NA,NA
609,596,no,3,male,36,1,1,24.15,Southampton,Mr,NA,NA,NA
610,597,yes,2,female,22,0,0,33,Southampton,Ms,NA,NA,NA
611,598,no,3,male,49,0,0,0,Southampton,Mr,NA,NA,NA
612,599,no,3,male,30,0,0,7.225,Cherbourg,Mr,NA,NA,NA
613,600,yes,1,male,49,1,0,56.9292,Cherbourg,Mr,Backbord,A,20
614,601,yes,2,female,24,2,1,27,Southampton,Mrs,NA,NA,NA
615,602,no,3,male,30,0,0,7.8958,Southampton,Mr,NA,NA,NA
616,603,no,1,male,30,0,0,42.4,Southampton,Mr,NA,NA,NA
617,604,no,3,male,44,0,0,8.05,Southampton,Mr,NA,NA,NA
618,605,yes,1,male,35,0,0,26.55,Cherbourg,Mr,NA,NA,NA
619,606,no,3,male,36,1,0,15.55,Southampton,Mr,NA,NA,NA
620,607,no,3,male,30,0,0,7.8958,Southampton,Mr,NA,NA,NA
621,608,yes,1,male,27,0,0,30.5,Southampton,Mr,NA,NA,NA
622,609,yes,2,female,22,1,2,41.5792,Cherbourg,Mrs,NA,NA,NA
623,610,yes,1,female,40,0,0,153.4625,Southampton,Ms,Steuerbord,C,125
624,611,no,3,female,39,1,5,31.275,Southampton,Mrs,NA,NA,NA
625,612,no,3,male,30,0,0,7.05,Southampton,Mr,NA,NA,NA
626,613,yes,3,female,22,1,0,15.5,Queenstown,Ms,NA,NA,NA
627,614,no,3,male,30,0,0,7.75,Queenstown,Mr,NA,NA,NA
628,615,no,3,male,35,0,0,8.05,Southampton,Mr,NA,NA,NA
629,616,yes,2,female,24,1,2,65,Southampton,Ms,NA,NA,NA
630,617,no,3,male,34,1,1,14.4,Southampton,Mr,NA,NA,NA
631,618,no,3,female,26,1,0,16.1,Southampton,Mrs,NA,NA,NA
632,619,yes,2,female,4,2,1,39,Southampton,Ms,Backbord,F,4
633,620,no,2,male,26,0,0,10.5,Southampton,Mr,NA,NA,NA
634,621,no,3,male,27,1,0,14.4542,Cherbourg,Mr,NA,NA,NA
635,622,yes,1,male,42,1,0,52.5542,Southampton,Mr,Steuerbord,D,19
636,623,yes,3,male,20,1,1,15.7417,Cherbourg,Mr,NA,NA,NA
637,624,no,3,male,21,0,0,7.8542,Southampton,Mr,NA,NA,NA
638,625,no,3,male,21,0,0,16.1,Southampton,Mr,NA,NA,NA
639,626,no,1,male,61,0,0,32.3208,Southampton,Mr,Backbord,D,50
640,627,no,2,male,57,0,0,12.35,Queenstown,Mr,NA,NA,NA
641,628,yes,1,female,21,0,0,77.9583,Southampton,Ms,Steuerbord,D,9
642,629,no,3,male,26,0,0,7.8958,Southampton,Mr,NA,NA,NA
643,630,no,3,male,30,0,0,7.7333,Queenstown,Mr,NA,NA,NA
644,631,yes,1,male,80,0,0,30,Southampton,Mr,Steuerbord,A,23
645,632,no,3,male,51,0,0,7.0542,Southampton,Mr,NA,NA,NA
646,633,yes,1,male,32,0,0,30.5,Cherbourg,Mr,Backbord,B,50
647,634,no,1,male,30,0,0,0,Southampton,Mr,NA,NA,NA
648,635,no,3,female,9,3,2,27.9,Southampton,Ms,NA,NA,NA
649,636,yes,2,female,28,0,0,13,Southampton,Ms,NA,NA,NA
650,637,no,3,male,32,0,0,7.925,Southampton,Mr,NA,NA,NA
651,638,no,2,male,31,1,1,26.25,Southampton,Mr,NA,NA,NA
652,639,no,3,female,41,0,5,39.6875,Southampton,Mrs,NA,NA,NA
653,640,no,3,male,30,1,0,16.1,Southampton,Mr,NA,NA,NA
654,641,no,3,male,20,0,0,7.8542,Southampton,Mr,NA,NA,NA
655,642,yes,1,female,24,0,0,69.3,Cherbourg,Ms,Steuerbord,B,35
656,643,no,3,female,2,3,2,27.9,Southampton,Ms,NA,NA,NA
657,644,yes,3,male,30,0,0,56.4958,Southampton,Mr,NA,NA,NA
658,645,yes,3,female,0.75,2,1,19.2583,Cherbourg,Ms,NA,NA,NA
659,646,yes,1,male,48,1,0,76.7292,Cherbourg,Mr,Steuerbord,D,33
660,647,no,3,male,19,0,0,7.8958,Southampton,Mr,NA,NA,NA
661,648,yes,1,male,56,0,0,35.5,Cherbourg,Mr,Backbord,A,26
662,649,no,3,male,30,0,0,7.55,Southampton,Mr,NA,NA,NA
663,650,yes,3,female,23,0,0,7.55,Southampton,Ms,NA,NA,NA
664,651,no,3,male,30,0,0,7.8958,Southampton,Mr,NA,NA,NA
665,652,yes,2,female,18,0,1,23,Southampton,Ms,NA,NA,NA
666,653,no,3,male,21,0,0,8.4333,Southampton,Mr,NA,NA,NA
667,654,yes,3,female,22,0,0,7.8292,Queenstown,Ms,NA,NA,NA
668,655,no,3,female,18,0,0,6.75,Queenstown,Ms,NA,NA,NA
669,656,no,2,male,24,2,0,73.5,Southampton,Mr,NA,NA,NA
670,657,no,3,male,30,0,0,7.8958,Southampton,Mr,NA,NA,NA
671,658,no,3,female,32,1,1,15.5,Queenstown,Mrs,NA,NA,NA
672,659,no,2,male,23,0,0,13,Southampton,Mr,NA,NA,NA
673,660,no,1,male,58,0,2,113.275,Cherbourg,Mr,Backbord,D,48
674,661,yes,1,male,50,2,0,133.65,Southampton,Mr,NA,NA,NA
675,662,no,3,male,40,0,0,7.225,Cherbourg,Mr,NA,NA,NA
676,663,no,1,male,47,0,0,25.5875,Southampton,Mr,Backbord,E,58
677,664,no,3,male,36,0,0,7.4958,Southampton,Mr,NA,NA,NA
678,665,yes,3,male,20,1,0,7.925,Southampton,Mr,NA,NA,NA
679,666,no,2,male,32,2,0,73.5,Southampton,Mr,NA,NA,NA
680,667,no,2,male,25,0,0,13,Southampton,Mr,NA,NA,NA
681,668,no,3,male,30,0,0,7.775,Southampton,Mr,NA,NA,NA
682,669,no,3,male,43,0,0,8.05,Southampton,Mr,NA,NA,NA
683,670,yes,1,female,35,1,0,52,Southampton,Mrs,Backbord,C,126
684,671,yes,2,female,40,1,1,39,Southampton,Mrs,NA,NA,NA
685,672,no,1,male,31,1,0,52,Southampton,Mr,Steuerbord,B,71
686,673,no,2,male,70,0,0,10.5,Southampton,Mr,NA,NA,NA
687,674,yes,2,male,31,0,0,13,Southampton,Mr,NA,NA,NA
688,675,no,2,male,30,0,0,0,Southampton,Mr,NA,NA,NA
689,676,no,3,male,18,0,0,7.775,Southampton,Mr,NA,NA,NA
690,677,no,3,male,24.5,0,0,8.05,Southampton,Mr,NA,NA,NA
691,678,yes,3,female,18,0,0,9.8417,Southampton,Ms,NA,NA,NA
692,679,no,3,female,43,1,6,46.9,Southampton,Mrs,NA,NA,NA
693,680,yes,1,male,36,0,1,512.3292,Cherbourg,Mr,Steuerbord,B,51
694,53, 55,NA,,NA,NA,NA,NA,,,,,
695,681,no,3,female,22,0,0,8.1375,Queenstown,Ms,NA,NA,NA
696,682,yes,1,male,27,0,0,76.7292,Cherbourg,Mr,Steuerbord,D,49
697,683,no,3,male,20,0,0,9.225,Southampton,Mr,NA,NA,NA
698,684,no,3,male,14,5,2,46.9,Southampton,Mr,NA,NA,NA
699,685,no,2,male,60,1,1,39,Southampton,Mr,NA,NA,NA
700,686,no,2,male,25,1,2,41.5792,Cherbourg,Mr,NA,NA,NA
701,687,no,3,male,14,4,1,39.6875,Southampton,Mr,NA,NA,NA
702,688,no,3,male,19,0,0,10.1708,Southampton,Mr,NA,NA,NA
703,689,no,3,male,18,0,0,7.7958,Southampton,Mr,NA,NA,NA
704,690,yes,1,female,15,0,1,211.3375,Southampton,Ms,Steuerbord,B,5
705,691,yes,1,male,31,1,0,57,Southampton,Mr,Backbord,B,20
706,692,yes,3,female,4,0,1,13.4167,Cherbourg,Ms,NA,NA,NA
707,693,yes,3,male,30,0,0,56.4958,Southampton,Mr,NA,NA,NA
708,694,no,3,male,25,0,0,7.225,Cherbourg,Mr,NA,NA,NA
709,695,no,1,male,60,0,0,26.55,Southampton,Mr,NA,NA,NA
710,696,no,2,male,52,0,0,13.5,Southampton,Mr,NA,NA,NA
711,697,no,3,male,44,0,0,8.05,Southampton,Mr,NA,NA,NA
712,698,yes,3,female,22,0,0,7.7333,Queenstown,Ms,NA,NA,NA
713,699,no,1,male,49,1,1,110.8833,Cherbourg,Mr,Backbord,C,68
714,700,no,3,male,42,0,0,7.65,Southampton,Mr,Steuerbord,G,63
715,701,yes,1,female,18,1,0,227.525,Cherbourg,Mrs,Backbord,C,62
716,64,,NA,,NA,NA,NA,NA,,,,,
717,702,yes,1,male,35,0,0,26.2875,Southampton,Mr,Backbord,E,24
718,703,no,3,female,18,0,1,14.4542,Cherbourg,Ms,NA,NA,NA
719,704,no,3,male,25,0,0,7.7417,Queenstown,Mr,NA,NA,NA
720,705,no,3,male,26,1,0,7.8542,Southampton,Mr,NA,NA,NA
721,706,no,2,male,39,0,0,26,Southampton,Mr,NA,NA,NA
722,707,yes,2,female,45,0,0,13.5,Southampton,Mrs,NA,NA,NA
723,708,yes,1,male,42,0,0,26.2875,Southampton,Mr,Backbord,E,24
724,709,yes,1,female,22,0,0,151.55,Southampton,Ms,NA,NA,NA
725,710,yes,3,male,3.5,1,1,15.2458,Cherbourg,Master,NA,NA,NA
726,711,yes,1,female,24,0,0,49.5042,Cherbourg,Ms,Backbord,C,90
727,712,no,1,male,30,0,0,26.55,Southampton,Mr,Backbord,C,124
728,713,yes,1,male,48,1,0,52,Southampton,Mr,Backbord,C,126
729,714,no,3,male,29,0,0,9.4833,Southampton,Mr,NA,NA,NA
730,715,no,2,male,52,0,0,13,Southampton,Mr,NA,NA,NA
731,716,no,3,male,19,0,0,7.65,Southampton,Mr,Steuerbord,G,73
732,717,yes,1,female,38,0,0,227.525,Cherbourg,Ms,Steuerbord,C,45
733,718,yes,2,female,27,0,0,10.5,Southampton,Ms,Steuerbord,E,101
734,719,no,3,male,30,0,0,15.5,Queenstown,Mr,NA,NA,NA
735,720,no,3,male,33,0,0,7.775,Southampton,Mr,NA,NA,NA
736,721,yes,2,female,6,0,1,33,Southampton,Ms,NA,NA,NA
737,722,no,3,male,17,1,0,7.0542,Southampton,Mr,NA,NA,NA
738,723,no,2,male,34,0,0,13,Southampton,Mr,NA,NA,NA
739,724,no,2,male,50,0,0,13,Southampton,Mr,NA,NA,NA
740,725,yes,1,male,27,1,0,53.1,Southampton,Mr,Backbord,E,8
741,726,no,3,male,20,0,0,8.6625,Southampton,Mr,NA,NA,NA
742,727,yes,2,female,30,3,0,21,Southampton,Mrs,NA,NA,NA
743,728,yes,3,female,22,0,0,7.7375,Queenstown,Ms,NA,NA,NA
744,729,no,2,male,25,1,0,26,Southampton,Mr,NA,NA,NA
745,730,no,3,female,25,1,0,7.925,Southampton,Ms,NA,NA,NA
746,731,yes,1,female,29,0,0,211.3375,Southampton,Ms,Steuerbord,B,5
747,732,no,3,male,11,0,0,18.7875,Cherbourg,Mr,NA,NA,NA
748,733,no,2,male,30,0,0,0,Southampton,Mr,NA,NA,NA
749,734,no,2,male,23,0,0,13,Southampton,Mr,NA,NA,NA
750,735,no,2,male,23,0,0,13,Southampton,Mr,NA,NA,NA
751,736,no,3,male,28.5,0,0,16.1,Southampton,Mr,NA,NA,NA
752,737,no,3,female,48,1,3,34.375,Southampton,Mrs,NA,NA,NA
753,738,yes,1,male,35,0,0,512.3292,Cherbourg,Mr,Steuerbord,B,101
754,739,no,3,male,30,0,0,7.8958,Southampton,Mr,NA,NA,NA
755,740,no,3,male,30,0,0,7.8958,Southampton,Mr,NA,NA,NA
756,741,yes,1,male,30,0,0,30,Southampton,Mr,Steuerbord,D,45
757,742,no,1,male,36,1,0,78.85,Southampton,Mr,Backbord,C,46
758,743,yes,1,female,21,2,2,262.375,Cherbourg,Ms,Steuerbord, Backbord,B
759,57, 59,63, 66,NA,NA,NA,NA,,,,,
760,744,no,3,male,24,1,0,16.1,Southampton,Mr,NA,NA,NA
761,745,yes,3,male,31,0,0,7.925,Southampton,Mr,NA,NA,NA
762,746,no,1,male,70,1,1,71,Southampton,Mr,Backbord,B,22
763,747,no,3,male,16,1,1,20.25,Southampton,Mr,NA,NA,NA
764,748,yes,2,female,30,0,0,13,Southampton,Ms,NA,NA,NA
765,749,no,1,male,19,1,0,53.1,Southampton,Mr,Backbord,D,30
766,750,no,3,male,31,0,0,7.75,Queenstown,Mr,NA,NA,NA
767,751,yes,2,female,4,1,1,23,Southampton,Ms,NA,NA,NA
768,752,yes,3,male,6,0,1,12.475,Southampton,Master,Steuerbord,E,121
769,753,no,3,male,33,0,0,9.5,Southampton,Mr,NA,NA,NA
770,754,no,3,male,23,0,0,7.8958,Southampton,Mr,NA,NA,NA
771,755,yes,2,female,48,1,2,65,Southampton,Mrs,NA,NA,NA
772,756,yes,2,male,0.67,1,1,14.5,Southampton,Master,NA,NA,NA
773,757,no,3,male,28,0,0,7.7958,Southampton,Mr,NA,NA,NA
774,758,no,2,male,18,0,0,11.5,Southampton,Mr,NA,NA,NA
775,759,no,3,male,34,0,0,8.05,Southampton,Mr,NA,NA,NA
776,760,yes,1,female,33,0,0,86.5,Southampton,Ms,Steuerbord,B,77
777,761,no,3,male,30,0,0,14.5,Southampton,Mr,NA,NA,NA
778,762,no,3,male,41,0,0,7.125,Southampton,Mr,NA,NA,NA
779,763,yes,3,male,20,0,0,7.2292,Cherbourg,Mr,NA,NA,NA
780,764,yes,1,female,36,1,2,120,Southampton,Mrs,Backbord,B,96
781,98,,NA,,NA,NA,NA,NA,,,,,
782,765,no,3,male,16,0,0,7.775,Southampton,Mr,NA,NA,NA
783,766,yes,1,female,51,1,0,77.9583,Southampton,Mrs,Steuerbord,D,11
784,767,no,1,male,30,0,0,39.6,Cherbourg,Mr,NA,NA,NA
785,768,no,3,female,30.5,0,0,7.75,Queenstown,Ms,NA,NA,NA
786,769,no,3,male,30,1,0,24.15,Queenstown,Mr,NA,NA,NA
787,770,no,3,male,32,0,0,8.3625,Southampton,Mr,NA,NA,NA
788,771,no,3,male,24,0,0,9.5,Southampton,Mr,NA,NA,NA
789,772,no,3,male,48,0,0,7.8542,Southampton,Mr,NA,NA,NA
790,773,no,2,female,57,0,0,10.5,Southampton,Mrs,Steuerbord,E,77
791,774,no,3,male,30,0,0,7.225,Cherbourg,Mr,NA,NA,NA
792,775,yes,2,female,54,1,3,23,Southampton,Mrs,NA,NA,NA
793,776,no,3,male,18,0,0,7.75,Southampton,Mr,NA,NA,NA
794,777,no,3,male,30,0,0,7.75,Queenstown,Mr,Backbord,F,38
795,778,yes,3,female,5,0,0,12.475,Southampton,Ms,NA,NA,NA
796,779,no,3,male,30,0,0,7.7375,Queenstown,Mr,NA,NA,NA
797,780,yes,1,female,43,0,1,211.3375,Southampton,Mrs,Steuerbord,B,3
798,781,yes,3,female,13,0,0,7.2292,Cherbourg,Ms,NA,NA,NA
799,782,yes,1,female,17,1,0,57,Southampton,Mrs,Backbord,B,20
800,783,no,1,male,29,0,0,30,Southampton,Mr,Backbord,D,6
801,784,no,3,male,30,1,2,23.45,Southampton,Mr,NA,NA,NA
802,785,no,3,male,25,0,0,7.05,Southampton,Mr,NA,NA,NA
803,786,no,3,male,25,0,0,7.25,Southampton,Mr,NA,NA,NA
804,787,yes,3,female,18,0,0,7.4958,Southampton,Ms,NA,NA,NA
805,788,no,3,male,8,4,1,29.125,Queenstown,Master,NA,NA,NA
806,789,yes,3,male,1,1,2,20.575,Southampton,Master,NA,NA,NA
807,790,no,1,male,46,0,0,79.2,Cherbourg,Mr,Backbord,B,82
808,84,,NA,,NA,NA,NA,NA,,,,,
809,791,no,3,male,30,0,0,7.75,Queenstown,Mr,NA,NA,NA
810,792,no,2,male,16,0,0,26,Southampton,Mr,NA,NA,NA
811,793,no,3,female,22,8,2,69.55,Southampton,Ms,NA,NA,NA
812,794,no,1,male,30,0,0,30.6958,Cherbourg,Mr,NA,NA,NA
813,795,no,3,male,25,0,0,7.8958,Southampton,Mr,NA,NA,NA
814,796,no,2,male,39,0,0,13,Southampton,Mr,NA,NA,NA
815,797,yes,1,female,49,0,0,25.9292,Southampton,Mr,Steuerbord,D,17
816,798,yes,3,female,31,0,0,8.6833,Southampton,Mrs,NA,NA,NA
817,799,no,3,male,30,0,0,7.2292,Cherbourg,Mr,NA,NA,NA
818,800,no,3,female,30,1,1,24.15,Southampton,Mrs,NA,NA,NA
819,801,no,2,male,34,0,0,13,Southampton,Mr,NA,NA,NA
820,802,yes,2,female,31,1,1,26.25,Southampton,Mrs,NA,NA,NA
821,803,yes,1,male,11,1,2,120,Southampton,Master,Backbord,B,96
822,98,,NA,,NA,NA,NA,NA,,,,,
823,804,yes,3,male,0.42,0,1,8.5167,Cherbourg,Master,NA,NA,NA
824,805,yes,3,male,27,0,0,6.975,Southampton,Mr,NA,NA,NA
825,806,no,3,male,31,0,0,7.775,Southampton,Mr,NA,NA,NA
826,807,no,1,male,39,0,0,0,Southampton,Mr,Backbord,A,36
827,808,no,3,female,18,0,0,7.775,Southampton,Ms,NA,NA,NA
828,809,no,2,male,39,0,0,13,Southampton,Mr,NA,NA,NA
829,810,yes,1,female,33,1,0,53.1,Southampton,Mrs,Backbord,E,8
830,811,no,3,male,26,0,0,7.8875,Southampton,Mr,NA,NA,NA
831,812,no,3,male,39,0,0,24.15,Southampton,Mr,NA,NA,NA
832,813,no,2,male,35,0,0,10.5,Southampton,Mr,NA,NA,NA
833,814,no,3,female,6,4,2,31.275,Southampton,Ms,NA,NA,NA
834,815,no,3,male,30.5,0,0,8.05,Southampton,Mr,NA,NA,NA
835,816,no,1,male,30,0,0,0,Southampton,Mr,Backbord,B,102
836,817,no,3,female,23,0,0,7.925,Southampton,Ms,NA,NA,NA
837,818,no,2,male,31,1,1,37.0042,Cherbourg,Mr,NA,NA,NA
838,819,no,3,male,43,0,0,6.45,Southampton,Mr,NA,NA,NA
839,820,no,3,male,10,3,2,27.9,Southampton,Master,NA,NA,NA
840,821,yes,1,female,52,1,1,93.5,Southampton,Mrs,Steuerbord,B,69
841,822,yes,3,male,27,0,0,8.6625,Southampton,Mr,NA,NA,NA
842,823,no,1,male,38,0,0,0,Southampton,Mr,NA,NA,NA
843,824,yes,3,female,27,0,1,12.475,Southampton,Mrs,Steuerbord,E,121
844,825,no,3,male,2,4,1,39.6875,Southampton,Master,NA,NA,NA
845,826,no,3,male,30,0,0,6.95,Queenstown,Mr,NA,NA,NA
846,827,no,3,male,30,0,0,56.4958,Southampton,Mr,NA,NA,NA
847,828,yes,2,male,1,0,2,37.0042,Cherbourg,Master,NA,NA,NA
848,829,yes,3,male,30,0,0,7.75,Queenstown,Mr,NA,NA,NA
849,830,yes,1,female,62,0,0,80,NA,Mrs,Backbord,B,28
850,831,yes,3,female,15,1,0,14.4542,Cherbourg,Mrs,NA,NA,NA
851,832,yes,2,male,0.83,1,1,18.75,Southampton,Master,NA,NA,NA
852,833,no,3,male,30,0,0,7.2292,Cherbourg,Mr,NA,NA,NA
853,834,no,3,male,23,0,0,7.8542,Southampton,Mr,NA,NA,NA
854,835,no,3,male,18,0,0,8.3,Southampton,Mr,NA,NA,NA
855,836,yes,1,female,39,1,1,83.1583,Cherbourg,Ms,Steuerbord,E,49
856,837,no,3,male,21,0,0,8.6625,Southampton,Mr,NA,NA,NA
857,838,no,3,male,30,0,0,8.05,Southampton,Mr,NA,NA,NA
858,839,yes,3,male,32,0,0,56.4958,Southampton,Mr,NA,NA,NA
859,840,yes,1,male,30,0,0,29.7,Cherbourg,Mr,Steuerbord,C,47
860,841,no,3,male,20,0,0,7.925,Southampton,Mr,NA,NA,NA
861,842,no,2,male,16,0,0,10.5,Southampton,Mr,NA,NA,NA
862,843,yes,1,female,30,0,0,31,Cherbourg,Ms,NA,NA,NA
863,844,no,3,male,34.5,0,0,6.4375,Cherbourg,Mr,NA,NA,NA
864,845,no,3,male,17,0,0,8.6625,Southampton,Mr,NA,NA,NA
865,846,no,3,male,42,0,0,7.55,Southampton,Mr,NA,NA,NA
866,847,no,3,male,30,8,2,69.55,Southampton,Mr,NA,NA,NA
867,848,no,3,male,35,0,0,7.8958,Cherbourg,Mr,NA,NA,NA
868,849,no,2,male,28,0,1,33,Southampton,Mr,NA,NA,NA
869,850,yes,1,female,35,1,0,89.1042,Cherbourg,Mrs,Backbord,C,92
870,851,no,3,male,4,4,2,31.275,Southampton,Master,NA,NA,NA
871,852,no,3,male,74,0,0,7.775,Southampton,Mr,NA,NA,NA
872,853,no,3,female,9,1,1,15.2458,Cherbourg,Ms,NA,NA,NA
873,854,yes,1,female,16,0,1,39.4,Southampton,Ms,Backbord,D,28
874,855,no,2,female,44,1,0,26,Southampton,Mrs,NA,NA,NA
875,856,yes,3,female,18,0,1,9.35,Southampton,Mrs,NA,NA,NA
876,857,yes,1,female,45,1,1,164.8667,Southampton,Mrs,NA,NA,NA
877,858,yes,1,male,51,0,0,26.55,Southampton,Mr,Steuerbord,E,17
878,859,yes,3,female,24,0,3,19.2583,Cherbourg,Mrs,NA,NA,NA
879,860,no,3,male,30,0,0,7.2292,Cherbourg,Mr,NA,NA,NA
880,861,no,3,male,41,2,0,14.1083,Southampton,Mr,NA,NA,NA
881,862,no,2,male,21,1,0,11.5,Southampton,Mr,NA,NA,NA
882,863,yes,1,female,48,0,0,25.9292,Southampton,Mrs,Steuerbord,D,17
883,864,no,3,female,22,8,2,69.55,Southampton,Ms,NA,NA,NA
884,865,no,2,male,24,0,0,13,Southampton,Mr,NA,NA,NA
885,866,yes,2,female,42,0,0,13,Southampton,Mrs,NA,NA,NA
886,867,yes,2,female,27,1,0,13.8583,Cherbourg,Ms,NA,NA,NA
887,868,no,1,male,31,0,0,50.4958,Southampton,Mr,Backbord,A,24
888,869,no,3,male,30,0,0,9.5,Southampton,Mr,NA,NA,NA
889,870,yes,3,male,4,1,1,11.1333,Southampton,Master,NA,NA,NA
890,871,no,3,male,26,0,0,7.8958,Southampton,Mr,NA,NA,NA
891,872,yes,1,female,47,1,1,52.5542,Southampton,Mrs,Steuerbord,D,35
892,873,no,1,male,33,0,0,5,Southampton,Mr,Steuerbord,B,51
893,53, 55,NA,,NA,NA,NA,NA,,,,,
894,874,no,3,male,47,0,0,9,Southampton,Mr,NA,NA,NA
895,875,yes,2,female,28,1,0,24,Cherbourg,Mrs,NA,NA,NA
896,876,yes,3,female,15,0,0,7.225,Cherbourg,Ms,NA,NA,NA
897,877,no,3,male,20,0,0,9.8458,Southampton,Mr,NA,NA,NA
898,878,no,3,male,19,0,0,7.8958,Southampton,Mr,NA,NA,NA
899,879,no,3,male,30,0,0,7.8958,Southampton,Mr,NA,NA,NA
900,880,yes,1,female,56,0,1,83.1583,Cherbourg,Mrs,Backbord,C,50
901,881,yes,2,female,25,0,1,26,Southampton,Mrs,NA,NA,NA
902,882,no,3,male,33,0,0,7.8958,Southampton,Mr,NA,NA,NA
903,883,no,3,female,22,0,0,10.5167,Southampton,Ms,NA,NA,NA
904,884,no,2,male,28,0,0,10.5,Southampton,Mr,NA,NA,NA
905,885,no,3,male,25,0,0,7.05,Southampton,Mr,NA,NA,NA
906,886,no,3,female,39,0,5,29.125,Queenstown,Mrs,NA,NA,NA
907,887,no,2,male,27,0,0,13,Southampton,Mr,NA,NA,NA
908,888,yes,1,female,19,0,0,30,Southampton,Ms,Backbord,B,42
909,889,no,3,female,22,1,2,23.45,Southampton,Ms,NA,NA,NA
910,890,yes,1,male,26,0,0,30,Cherbourg,Mr,Backbord,C,148
911,891,no,3,male,32,0,0,7.75,Queenstown,Mr,NA,NA,NA
